11000,Married,Male,90000,2,Bachelors,Professional,1,0,1-2 Miles,Pacific,40,1
11047,Married,Female,30000,3,High School,Skilled Manual,0,2,1-2 Miles,Pacific,56,1
11061,Married,Male,60000,2,Partial College,Skilled Manual,1,2,5-10 Miles,Pacific,52,1
11090,Single,Male,90000,2,Partial College,Professional,1,1,2-5 Miles,North America,48,1
11116,Married,Male,70000,5,Partial College,Skilled Manual,1,2,5-10 Miles,Pacific,43,0
11139,Single,Female,30000,2,Partial College,Clerical,0,2,5-10 Miles,Pacific,67,0
11143,Married,Male,40000,0,High School,Skilled Manual,1,2,5-10 Miles,North America,29,0
11147,Married,Male,60000,2,Graduate Degree,Management,1,1,0-1 Miles,Pacific,67,1
11149,Married,Male,40000,2,Bachelors,Management,1,2,0-1 Miles,Pacific,65,0
11165,Married,Female,60000,0,Partial College,Skilled Manual,0,1,1-2 Miles,North America,33,0
11199,Married,Female,70000,4,Bachelors,Management,1,1,10+ Miles,North America,59,0
11200,Married,Male,70000,4,Bachelors,Management,1,1,1-2 Miles,North America,58,0
11219,Married,Male,60000,2,High School,Professional,1,2,10+ Miles,North America,55,0
11225,Married,Female,60000,2,Partial College,Professional,1,1,10+ Miles,North America,55,0
11233,Married,Male,70000,4,Partial College,Professional,1,2,10+ Miles,North America,53,0
11249,Married,Female,130000,3,Partial College,Professional,1,3,0-1 Miles,Europe,51,1
11255,Married,Male,70000,4,Graduate Degree,Management,1,2,5-10 Miles,North America,73,0
11259,Married,Female,100000,4,Partial College,Professional,1,4,2-5 Miles,North America,41,1
11262,Married,Female,80000,4,Bachelors,Management,1,0,0-1 Miles,North America,42,0
11269,Married,Male,130000,2,Graduate Degree,Management,1,2,0-1 Miles,North America,41,0
11270,Married,Male,130000,2,Graduate Degree,Management,1,3,0-1 Miles,North America,42,1
11275,Married,Female,80000,4,Graduate Degree,Management,1,2,0-1 Miles,North America,72,1
11287,Married,Male,70000,5,Partial College,Professional,0,3,5-10 Miles,North America,45,0
11292,Single,Male,150000,1,Partial College,Professional,0,3,0-1 Miles,North America,44,1
11303,Single,Female,90000,4,High School,Professional,0,3,1-2 Miles,North America,45,1
11340,Married,Female,10000,1,Graduate Degree,Clerical,1,0,0-1 Miles,Europe,70,1
11378,Single,Female,10000,1,High School,Manual,0,1,2-5 Miles,Europe,46,1
11381,Married,Female,20000,2,Partial College,Manual,1,1,2-5 Miles,Europe,47,1
11383,Married,Female,30000,3,Graduate Degree,Clerical,1,2,0-1 Miles,Europe,46,0
11386,Married,Female,30000,3,Bachelors,Clerical,1,0,0-1 Miles,Europe,45,0
11415,Single,Male,90000,5,Partial College,Professional,0,2,10+ Miles,Europe,62,0
11434,Married,Male,170000,5,Partial College,Professional,1,2,0-1 Miles,Europe,55,0
11451,Single,Male,70000,0,Bachelors,Professional,0,4,10+ Miles,Pacific,31,1
11453,Single,Male,80000,0,Bachelors,Professional,0,3,10+ Miles,Pacific,33,1
11489,Single,Female,20000,0,Partial High School,Manual,0,2,1-2 Miles,Europe,35,1
11538,Single,Female,60000,4,Graduate Degree,Skilled Manual,0,2,0-1 Miles,North America,47,1
11540,Single,Male,60000,4,Graduate Degree,Skilled Manual,1,0,1-2 Miles,North America,47,1
11555,Married,Female,40000,1,Bachelors,Clerical,1,0,0-1 Miles,Europe,80,0
11576,Married,Male,30000,1,Bachelors,Skilled Manual,1,2,0-1 Miles,Europe,41,1
11585,Married,Female,40000,1,Bachelors,Skilled Manual,1,0,0-1 Miles,Europe,41,0
11619,Single,Female,50000,0,Graduate Degree,Skilled Manual,1,0,1-2 Miles,North America,33,0
11622,Married,Male,50000,0,Graduate Degree,Skilled Manual,1,0,0-1 Miles,North America,32,0
11641,Married,Male,50000,1,Bachelors,Skilled Manual,1,0,0-1 Miles,North America,36,0
11644,Single,Male,40000,2,Bachelors,Skilled Manual,1,0,2-5 Miles,North America,36,0
11663,Married,Male,70000,4,Graduate Degree,Professional,1,0,0-1 Miles,North America,36,1
11669,Single,Female,70000,2,Bachelors,Skilled Manual,1,1,2-5 Miles,North America,38,0
11699,Single,Male,60000,0,Bachelors,Skilled Manual,0,2,0-1 Miles,North America,47,0
11734,Married,Male,60000,1,Partial College,Skilled Manual,0,1,0-1 Miles,North America,47,0
11738,Married,Male,60000,4,Bachelors,Professional,1,0,2-5 Miles,North America,46,0
11745,Married,Female,60000,1,Bachelors,Professional,1,1,0-1 Miles,North America,47,1
11783,Married,Female,60000,1,Graduate Degree,Skilled Manual,1,0,0-1 Miles,North America,34,0
11788,Single,Female,70000,1,Graduate Degree,Professional,1,0,2-5 Miles,North America,34,0
11801,Married,Male,60000,1,Graduate Degree,Professional,1,0,2-5 Miles,North America,36,0
11807,Married,Male,70000,3,Graduate Degree,Professional,1,0,2-5 Miles,North America,34,0
11809,Married,Male,60000,2,Bachelors,Skilled Manual,1,0,0-1 Miles,North America,38,1
11817,Single,Female,70000,4,Graduate Degree,Professional,1,0,2-5 Miles,North America,35,1
11823,Married,Female,70000,0,Graduate Degree,Professional,1,0,2-5 Miles,North America,39,0
11886,Married,Female,60000,3,Bachelors,Professional,1,1,0-1 Miles,North America,48,1
11890,Married,Female,70000,5,Graduate Degree,Professional,1,1,0-1 Miles,North America,47,0
11896,Married,Male,100000,1,Graduate Degree,Management,1,0,2-5 Miles,Pacific,36,1
11897,Single,Male,60000,2,Bachelors,Professional,0,1,0-1 Miles,Pacific,37,1
11935,Single,Female,30000,0,Partial College,Skilled Manual,1,1,5-10 Miles,North America,28,0
11941,Single,Male,60000,0,Partial College,Skilled Manual,1,2,5-10 Miles,North America,29,0
12029,Married,Male,30000,0,Partial High School,Clerical,0,2,0-1 Miles,North America,28,0
12033,Single,Female,40000,0,High School,Skilled Manual,0,2,0-1 Miles,North America,27,1
12056,Married,Male,120000,2,Graduate Degree,Management,1,3,5-10 Miles,North America,64,0
12100,Single,Male,60000,2,Bachelors,Management,1,0,10+ Miles,North America,57,0
12121,Single,Male,60000,3,High School,Professional,1,2,10+ Miles,North America,53,1
12133,Married,Female,130000,3,Partial College,Professional,1,3,5-10 Miles,Europe,50,1
12153,Single,Female,70000,3,Partial College,Professional,1,1,5-10 Miles,North America,49,1
12192,Single,Female,60000,2,Partial High School,Skilled Manual,0,2,1-2 Miles,North America,51,0
12195,Single,Female,70000,3,Graduate Degree,Management,1,2,1-2 Miles,North America,52,0
12205,Single,Female,130000,2,Bachelors,Management,0,4,0-1 Miles,North America,67,0
12207,Single,Male,80000,4,Bachelors,Management,1,2,5-10 Miles,North America,66,1
12212,Married,Female,10000,0,Graduate Degree,Manual,1,0,0-1 Miles,Europe,37,1
12231,Single,Female,10000,2,Partial College,Manual,1,0,0-1 Miles,Europe,51,1
12234,Married,Male,10000,2,Partial College,Manual,1,1,2-5 Miles,Europe,52,0
12236,Married,Female,20000,1,Partial College,Manual,1,0,0-1 Miles,Europe,65,0
12253,Single,Female,20000,0,Partial College,Manual,1,0,0-1 Miles,Pacific,29,1
12273,Married,Male,30000,1,Bachelors,Clerical,1,0,0-1 Miles,Europe,47,0
12274,Single,Male,10000,2,High School,Manual,1,0,0-1 Miles,Europe,35,0
12284,Married,Female,30000,0,Bachelors,Clerical,0,0,0-1 Miles,Europe,36,1
12291,Single,Male,90000,5,Partial College,Professional,0,2,2-5 Miles,Europe,62,1
12332,Married,Male,90000,4,High School,Management,1,3,5-10 Miles,Europe,58,1
12344,Single,Female,80000,0,Bachelors,Professional,0,3,10+ Miles,Pacific,31,0
12389,Single,Male,30000,0,High School,Manual,0,1,2-5 Miles,Europe,34,0
12452,Married,Male,60000,4,Graduate Degree,Skilled Manual,1,0,1-2 Miles,North America,47,1
12472,Married,Male,30000,1,Bachelors,Clerical,1,1,2-5 Miles,Europe,39,0
12496,Married,Female,40000,1,Bachelors,Skilled Manual,1,0,0-1 Miles,Europe,42,0
12503,Single,Female,30000,3,Partial College,Clerical,1,2,0-1 Miles,Europe,27,0
12507,Married,Male,30000,1,Partial College,Clerical,1,1,0-1 Miles,Europe,43,0
12510,Married,Male,40000,1,Bachelors,Skilled Manual,1,1,0-1 Miles,Europe,43,1
12558,Married,Female,20000,1,Bachelors,Clerical,1,0,0-1 Miles,Europe,65,0
12568,Married,Female,30000,1,Bachelors,Clerical,1,0,0-1 Miles,Europe,64,0
12581,Single,Female,10000,0,Partial College,Manual,0,1,0-1 Miles,Pacific,28,1
12585,Married,Male,10000,1,High School,Manual,1,0,2-5 Miles,Pacific,27,1
12590,Single,Male,30000,1,Bachelors,Clerical,1,0,0-1 Miles,Europe,63,0
12591,Married,Female,30000,4,Graduate Degree,Clerical,1,0,0-1 Miles,Europe,45,0
12610,Married,Female,30000,1,Bachelors,Clerical,1,0,0-1 Miles,Europe,47,0
12629,Single,Male,20000,1,Partial College,Manual,0,0,0-1 Miles,Europe,37,0
12663,Married,Female,90000,5,Partial High School,Skilled Manual,1,2,10+ Miles,Europe,59,0
12664,Married,Female,130000,5,Partial College,Professional,1,4,0-1 Miles,Europe,59,0
12666,Single,Male,60000,0,Bachelors,Professional,0,4,2-5 Miles,Pacific,31,0
12678,Single,Female,130000,4,High School,Management,1,4,0-1 Miles,Pacific,31,0
12697,Single,Female,90000,0,Bachelors,Professional,0,4,10+ Miles,Pacific,36,0
12705,Married,Male,150000,0,Bachelors,Management,1,4,0-1 Miles,Pacific,37,1
12716,Single,Male,30000,0,Partial College,Clerical,1,1,2-5 Miles,Europe,32,0
12718,Single,Female,30000,0,Partial College,Clerical,1,1,2-5 Miles,Europe,31,0
12728,Single,Male,30000,0,Partial College,Clerical,0,1,1-2 Miles,Europe,27,0
12731,Single,Male,30000,0,High School,Manual,0,1,1-2 Miles,Europe,32,0
12744,Single,Female,40000,2,Partial College,Clerical,1,0,0-1 Miles,Europe,33,0
12768,Married,Male,30000,1,High School,Clerical,1,1,2-5 Miles,North America,52,1
12774,Married,Female,40000,1,Partial College,Clerical,1,1,1-2 Miles,North America,51,1
12808,Married,Male,40000,0,Bachelors,Clerical,1,0,0-1 Miles,Europe,38,1
12821,Married,Male,40000,0,Bachelors,Clerical,1,0,0-1 Miles,Europe,39,0
12833,Single,Female,20000,3,High School,Manual,1,1,0-1 Miles,Europe,42,1
12871,Single,Female,30000,0,Partial College,Clerical,0,1,2-5 Miles,Europe,29,0
12882,Married,Male,50000,1,Graduate Degree,Skilled Manual,1,0,0-1 Miles,North America,33,1
12922,Single,Female,60000,3,Bachelors,Skilled Manual,1,0,2-5 Miles,North America,40,1
12957,Single,Female,70000,1,Bachelors,Professional,0,1,0-1 Miles,North America,44,0
12964,Married,Male,70000,1,Partial College,Skilled Manual,1,1,0-1 Miles,North America,44,0
12993,Married,Male,60000,2,Bachelors,Professional,1,1,2-5 Miles,Pacific,37,0
13066,Single,Male,30000,0,High School,Skilled Manual,0,2,1-2 Miles,North America,31,1
13073,Married,Female,60000,0,Partial College,Professional,1,2,5-10 Miles,North America,30,0
13082,Single,Male,130000,0,Graduate Degree,Management,1,0,2-5 Miles,Pacific,48,1
13089,Married,Female,120000,1,Bachelors,Management,1,2,0-1 Miles,Pacific,46,1
13122,Married,Female,80000,0,Bachelors,Professional,1,1,1-2 Miles,Pacific,41,1
13133,Single,Male,100000,5,Bachelors,Professional,1,1,5-10 Miles,Pacific,47,1
13136,Married,Female,30000,2,Partial College,Clerical,0,2,5-10 Miles,Pacific,69,0
13151,Single,Male,40000,0,High School,Skilled Manual,1,2,5-10 Miles,North America,27,0
13154,Married,Male,40000,0,High School,Skilled Manual,0,2,0-1 Miles,North America,27,1
13176,Single,Male,130000,0,Graduate Degree,Management,0,2,0-1 Miles,North America,38,1
13216,Married,Female,60000,5,Bachelors,Management,1,3,10+ Miles,North America,59,0
13233,Married,Male,60000,2,Partial College,Professional,1,1,10+ Miles,North America,57,1
13283,Married,Male,80000,3,Partial College,Professional,0,2,0-1 Miles,North America,49,1
13287,Single,Male,110000,4,Bachelors,Management,1,4,5-10 Miles,North America,42,1
13296,Married,Male,110000,1,Bachelors,Management,1,3,5-10 Miles,North America,45,0
13313,Married,Female,120000,1,High School,Professional,0,4,2-5 Miles,North America,45,0
13314,Married,Male,120000,1,High School,Professional,1,4,5-10 Miles,North America,46,1
13337,Married,Female,80000,5,Bachelors,Management,1,2,5-10 Miles,North America,64,0
13343,Married,Female,90000,5,Bachelors,Management,1,2,1-2 Miles,North America,63,1
13351,Single,Female,70000,4,Bachelors,Management,1,2,1-2 Miles,North America,62,1
13353,Single,Female,60000,4,Graduate Degree,Management,1,2,10+ Miles,North America,61,1
13382,Married,Male,70000,5,Partial College,Professional,1,2,1-2 Miles,North America,57,1
13388,Single,Male,60000,2,Partial College,Professional,1,1,10+ Miles,North America,56,0
13390,Married,Female,70000,4,Partial College,Professional,0,1,1-2 Miles,North America,56,0
13415,Single,Male,100000,1,Graduate Degree,Management,1,3,2-5 Miles,North America,73,1
13453,Married,Female,130000,0,Bachelors,Management,1,3,0-1 Miles,North America,45,1
13466,Married,Male,80000,5,Partial College,Professional,1,3,1-2 Miles,North America,46,0
13507,Married,Female,10000,2,Partial College,Manual,1,0,1-2 Miles,Europe,50,0
13572,Single,Male,10000,3,High School,Manual,1,2,0-1 Miles,Europe,37,1
13585,Married,Female,80000,4,Partial College,Professional,0,1,2-5 Miles,Europe,53,1
13586,Married,Male,80000,4,Partial College,Professional,1,2,10+ Miles,Europe,53,0
13620,Single,Male,70000,0,Bachelors,Professional,0,3,10+ Miles,Pacific,30,1
13662,Single,Male,20000,0,Partial High School,Manual,1,2,1-2 Miles,Europe,31,1
13673,Single,Female,20000,0,Partial High School,Manual,0,2,0-1 Miles,Europe,25,0
13683,Single,Female,30000,0,High School,Manual,0,1,2-5 Miles,Europe,32,0
13687,Married,Male,40000,1,Bachelors,Skilled Manual,1,1,0-1 Miles,Europe,33,1
13690,Single,Female,20000,0,Partial High School,Manual,0,2,1-2 Miles,Europe,34,1
13714,Married,Female,20000,2,High School,Manual,0,2,1-2 Miles,North America,53,1
13749,Married,Male,80000,4,Graduate Degree,Skilled Manual,1,0,1-2 Miles,North America,47,0
13754,Single,Female,80000,4,Graduate Degree,Skilled Manual,1,0,1-2 Miles,North America,48,0
13760,Married,Male,60000,4,Graduate Degree,Skilled Manual,0,0,0-1 Miles,North America,47,0
13813,Married,Female,30000,3,Partial College,Clerical,0,0,0-1 Miles,Europe,42,0
13826,Single,Female,30000,0,Partial College,Clerical,0,1,0-1 Miles,Europe,28,0
13873,Married,Male,70000,3,Graduate Degree,Professional,1,0,0-1 Miles,North America,35,1
13886,Married,Female,70000,4,Graduate Degree,Professional,1,0,2-5 Miles,North America,35,1
13907,Single,Female,80000,3,Bachelors,Skilled Manual,1,1,0-1 Miles,North America,41,1
13911,Single,Female,80000,3,Bachelors,Skilled Manual,1,2,2-5 Miles,North America,41,1
13920,Single,Female,50000,4,Bachelors,Skilled Manual,1,2,0-1 Miles,North America,42,0
13934,Married,Male,40000,4,High School,Skilled Manual,1,2,2-5 Miles,North America,46,0
13942,Married,Male,60000,1,Partial College,Skilled Manual,1,1,0-1 Miles,North America,46,0
13961,Married,Female,80000,5,Graduate Degree,Management,1,3,0-1 Miles,Pacific,40,0
13981,Married,Female,10000,5,High School,Skilled Manual,0,3,1-2 Miles,Pacific,62,0
14032,Married,Male,70000,2,High School,Skilled Manual,0,2,1-2 Miles,Pacific,50,1
14058,Single,Male,70000,0,Bachelors,Professional,0,1,5-10 Miles,Pacific,41,1
14063,Single,Female,70000,0,Bachelors,Professional,0,1,0-1 Miles,Pacific,42,1
14077,Single,Male,30000,0,High School,Skilled Manual,1,2,5-10 Miles,North America,30,0
14090,Married,Female,30000,0,Partial High School,Clerical,0,2,0-1 Miles,North America,28,0
14092,Single,Male,30000,0,Partial High School,Clerical,1,2,5-10 Miles,North America,28,0
14135,Married,Male,20000,1,Partial College,Manual,1,0,1-2 Miles,Europe,47,0
14154,Married,Male,30000,0,Bachelors,Clerical,1,0,0-1 Miles,Europe,35,1
14164,Single,Female,50000,0,Graduate Degree,Skilled Manual,1,0,0-1 Miles,Europe,36,1
14177,Married,Male,80000,5,Partial College,Professional,0,2,2-5 Miles,Europe,60,0
14189,Married,Female,90000,4,High School,Professional,0,2,2-5 Miles,Europe,54,1
14191,Married,Male,160000,4,Partial College,Professional,0,2,10+ Miles,Europe,55,1
14192,Married,Male,90000,4,High School,Management,1,3,5-10 Miles,Europe,56,1
14193,Single,Female,100000,3,Partial College,Management,1,4,10+ Miles,Europe,56,0
14233,Single,Male,100000,0,High School,Management,1,3,10+ Miles,Pacific,35,0
14238,Married,Male,120000,0,Partial High School,Professional,1,4,10+ Miles,Pacific,36,1
14271,Married,Male,30000,0,High School,Skilled Manual,1,2,5-10 Miles,North America,32,0
14278,Married,Female,130000,0,Graduate Degree,Management,1,1,10+ Miles,Pacific,48,0
14284,Single,Male,60000,0,Partial College,Professional,0,2,1-2 Miles,North America,32,1
14312,Married,Female,60000,1,Partial College,Skilled Manual,1,1,5-10 Miles,Pacific,45,0
14332,Single,Female,30000,0,High School,Skilled Manual,0,2,5-10 Miles,North America,26,0
14347,Single,Female,40000,2,Bachelors,Management,1,2,5-10 Miles,Pacific,65,1
14389,Married,Male,60000,2,Bachelors,Management,1,0,2-5 Miles,North America,59,0
14417,Single,Male,60000,3,High School,Professional,1,2,10+ Miles,North America,54,1
14432,Single,Male,90000,4,Graduate Degree,Management,1,1,5-10 Miles,North America,73,0
14443,Married,Male,130000,1,Graduate Degree,Management,1,4,0-1 Miles,North America,40,0
14469,Married,Female,100000,3,Partial College,Professional,1,4,1-2 Miles,North America,45,0
14493,Single,Female,70000,3,Graduate Degree,Management,0,2,1-2 Miles,North America,53,0
14495,Married,Male,40000,3,Partial College,Professional,0,2,5-10 Miles,North America,54,1
14507,Married,Male,100000,2,Graduate Degree,Management,1,3,1-2 Miles,North America,65,0
14514,Single,Female,30000,0,Partial College,Skilled Manual,1,1,5-10 Miles,North America,26,0
14517,Married,Female,20000,3,High School,Skilled Manual,0,2,1-2 Miles,Pacific,62,0
14544,Single,Male,10000,1,Partial College,Manual,1,0,0-1 Miles,Europe,49,0
14545,Married,Female,10000,2,Partial College,Manual,1,0,1-2 Miles,Europe,49,0
14547,Married,Male,10000,2,Partial College,Manual,1,0,1-2 Miles,Europe,51,0
14554,Married,Male,20000,1,Bachelors,Clerical,1,0,0-1 Miles,Europe,66,0
14569,Married,Male,60000,1,Graduate Degree,Professional,1,0,0-1 Miles,North America,35,0
14572,Married,Female,70000,3,Graduate Degree,Professional,1,0,2-5 Miles,North America,35,1
14592,Married,Female,60000,0,Graduate Degree,Professional,1,0,0-1 Miles,North America,40,0
14602,Married,Female,80000,3,Graduate Degree,Professional,1,0,0-1 Miles,North America,36,1
14608,Married,Male,50000,4,Bachelors,Skilled Manual,1,3,10+ Miles,North America,42,0
14633,Married,Male,60000,1,Partial College,Skilled Manual,1,1,2-5 Miles,North America,44,0
14657,Married,Male,80000,1,Partial College,Skilled Manual,0,1,0-1 Miles,North America,47,1
14662,Married,Male,60000,1,Bachelors,Professional,1,1,0-1 Miles,North America,48,1
14669,Married,Female,80000,4,Graduate Degree,Management,1,1,0-1 Miles,Pacific,36,0
14682,Single,Female,70000,0,Bachelors,Professional,0,1,5-10 Miles,Pacific,38,0
14696,Single,Male,10000,0,Partial High School,Manual,0,2,0-1 Miles,Europe,34,0
14754,Married,Male,40000,1,Partial College,Clerical,1,1,1-2 Miles,North America,48,1
14777,Married,Female,40000,0,Bachelors,Clerical,1,0,0-1 Miles,Europe,38,1
14785,Single,Male,30000,1,Bachelors,Clerical,0,1,1-2 Miles,Europe,39,0
14791,Married,Female,40000,0,Bachelors,Clerical,1,0,0-1 Miles,Europe,39,1
14798,Single,Female,10000,4,Partial High School,Manual,1,2,0-1 Miles,Europe,41,1
14804,Single,Female,10000,3,Partial High School,Manual,1,2,0-1 Miles,Europe,43,0
14813,Single,Female,20000,4,High School,Manual,1,1,0-1 Miles,Europe,43,1
14832,Married,Male,40000,1,Bachelors,Skilled Manual,1,0,0-1 Miles,Europe,42,1
14865,Single,Male,40000,2,Partial College,Clerical,1,2,1-2 Miles,Europe,36,0
14872,Married,Male,30000,0,Graduate Degree,Skilled Manual,1,0,0-1 Miles,North America,32,0
14883,Married,Female,30000,1,Bachelors,Skilled Manual,1,1,5-10 Miles,North America,53,1
14887,Married,Female,30000,1,High School,Clerical,1,1,5-10 Miles,North America,52,0
14900,Married,Female,40000,1,Partial College,Clerical,1,1,1-2 Miles,North America,49,1
14913,Married,Female,40000,1,Partial College,Clerical,1,1,1-2 Miles,North America,48,1
14926,Married,Male,30000,1,Bachelors,Clerical,1,0,0-1 Miles,Europe,38,1
14927,Married,Female,30000,1,Bachelors,Clerical,1,0,0-1 Miles,Europe,37,1
14939,Married,Male,40000,0,Bachelors,Clerical,1,0,0-1 Miles,Europe,39,1
15019,Single,Female,30000,3,High School,Skilled Manual,1,2,5-10 Miles,Pacific,55,0
15030,Married,Male,20000,0,Bachelors,Clerical,1,0,0-1 Miles,Pacific,26,1
15194,Single,Male,120000,2,Bachelors,Management,0,3,0-1 Miles,North America,39,1
15214,Single,Female,100000,0,Graduate Degree,Management,0,1,1-2 Miles,Pacific,39,1
15255,Married,Male,40000,0,High School,Skilled Manual,1,2,5-10 Miles,North America,28,1
15265,Single,Male,40000,2,Bachelors,Management,1,2,5-10 Miles,Pacific,66,1
15272,Single,Male,40000,0,High School,Skilled Manual,0,2,1-2 Miles,North America,30,0
15275,Married,Male,40000,0,Partial College,Skilled Manual,1,1,5-10 Miles,North America,29,0
15287,Single,Female,50000,1,Graduate Degree,Skilled Manual,1,0,1-2 Miles,North America,33,1
15292,Single,Female,60000,1,Graduate Degree,Skilled Manual,1,0,1-2 Miles,North America,35,0
15302,Single,Female,70000,1,Graduate Degree,Professional,1,0,2-5 Miles,North America,34,1
15313,Married,Male,60000,4,Bachelors,Management,1,2,2-5 Miles,North America,59,0
15319,Married,Female,70000,4,Bachelors,Management,0,1,1-2 Miles,North America,59,0
15372,Married,Male,80000,3,Partial College,Professional,0,2,2-5 Miles,North America,50,1
15382,Married,Female,110000,1,Bachelors,Management,1,2,1-2 Miles,North America,44,0
15412,Married,Male,130000,2,Graduate Degree,Management,1,3,2-5 Miles,North America,69,0
15450,Married,Male,10000,1,Graduate Degree,Clerical,1,0,0-1 Miles,Europe,70,0
15465,Married,Female,10000,0,Partial College,Manual,0,1,0-1 Miles,Pacific,25,0
15468,Married,Female,50000,1,Bachelors,Skilled Manual,1,1,0-1 Miles,North America,35,0
15501,Married,Male,70000,4,Graduate Degree,Professional,1,0,2-5 Miles,North America,36,1
15529,Married,Male,60000,4,Bachelors,Professional,1,2,2-5 Miles,North America,43,1
15532,Single,Male,60000,4,Bachelors,Professional,1,2,2-5 Miles,North America,43,1
15555,Married,Female,60000,1,Partial College,Skilled Manual,1,1,2-5 Miles,North America,45,1
15559,Married,Male,60000,5,Bachelors,Professional,1,1,2-5 Miles,North America,47,0
15580,Married,Male,60000,2,Bachelors,Professional,1,1,2-5 Miles,Pacific,38,1
15608,Single,Female,30000,0,Partial College,Clerical,0,1,2-5 Miles,Europe,33,0
15612,Single,Male,30000,0,High School,Manual,0,1,1-2 Miles,Europe,28,0
15628,Married,Female,40000,1,Bachelors,Skilled Manual,1,1,0-1 Miles,Europe,89,0
15629,Single,Female,10000,0,Partial High School,Manual,1,2,1-2 Miles,Europe,34,0
15657,Married,Male,30000,3,Graduate Degree,Clerical,1,0,0-1 Miles,Europe,46,1
15665,Married,Female,30000,0,Bachelors,Clerical,1,0,0-1 Miles,Europe,47,1
15682,Single,Female,80000,5,Bachelors,Management,1,2,10+ Miles,Europe,62,0
15740,Married,Male,80000,5,Bachelors,Management,1,2,1-2 Miles,North America,64,0
15749,Single,Female,70000,4,Bachelors,Management,1,2,10+ Miles,North America,61,0
15752,Married,Male,80000,2,High School,Skilled Manual,0,2,1-2 Miles,Pacific,50,1
15758,Married,Male,130000,0,Graduate Degree,Management,1,0,5-10 Miles,Pacific,48,0
15799,Married,Female,90000,1,Bachelors,Professional,1,1,2-5 Miles,Pacific,47,1
15814,Single,Female,40000,0,High School,Skilled Manual,1,1,5-10 Miles,North America,30,0
15822,Married,Male,40000,2,Bachelors,Management,1,2,0-1 Miles,Pacific,67,0
15839,Single,Male,30000,0,Partial College,Skilled Manual,1,1,5-10 Miles,North America,32,0
15862,Single,Female,50000,0,Graduate Degree,Skilled Manual,1,0,1-2 Miles,North America,33,1
15879,Married,Male,70000,5,Bachelors,Management,1,2,2-5 Miles,North America,61,0
15895,Single,Female,60000,2,Bachelors,Management,1,0,10+ Miles,North America,58,0
15922,Married,Male,150000,2,High School,Professional,1,4,0-1 Miles,Europe,48,0
15926,Single,Female,120000,3,High School,Professional,1,4,5-10 Miles,Europe,50,1
15940,Married,Male,100000,4,Partial College,Professional,1,4,0-1 Miles,North America,40,0
15982,Married,Male,110000,5,Partial College,Professional,1,4,2-5 Miles,North America,46,0
16007,Married,Female,90000,5,Bachelors,Management,1,2,1-2 Miles,North America,66,1
16009,Single,Male,170000,1,Graduate Degree,Management,0,4,0-1 Miles,North America,66,0
16043,Single,Male,10000,1,Bachelors,Manual,1,0,0-1 Miles,Europe,48,0
16112,Single,Male,70000,4,Bachelors,Professional,1,2,2-5 Miles,North America,43,1
16122,Married,Male,40000,4,High School,Skilled Manual,1,2,0-1 Miles,North America,44,1
16144,Married,Male,70000,1,Graduate Degree,Professional,1,1,0-1 Miles,North America,46,1
16145,Single,Female,70000,5,Graduate Degree,Professional,1,3,10+ Miles,North America,46,1
16151,Married,Female,60000,1,Bachelors,Professional,1,1,2-5 Miles,North America,48,1
16154,Married,Female,70000,5,Bachelors,Professional,1,2,2-5 Miles,North America,47,0
16163,Single,Male,60000,2,Bachelors,Professional,1,1,2-5 Miles,Pacific,38,1
16179,Single,Female,80000,5,Bachelors,Professional,1,4,1-2 Miles,Pacific,38,0
16185,Single,Male,60000,4,Bachelors,Professional,1,3,10+ Miles,Pacific,41,0
16188,Single,Female,20000,0,Partial High School,Manual,0,2,1-2 Miles,Europe,26,0
16200,Single,Female,10000,0,Partial High School,Manual,0,2,0-1 Miles,Europe,35,0
16209,Single,Female,50000,0,Graduate Degree,Skilled Manual,1,2,1-2 Miles,Europe,36,0
16217,Single,Female,60000,0,Graduate Degree,Skilled Manual,1,0,0-1 Miles,North America,39,0
16245,Single,Female,80000,4,Graduate Degree,Skilled Manual,1,0,1-2 Miles,North America,47,0
16247,Single,Female,60000,4,Graduate Degree,Skilled Manual,1,0,1-2 Miles,North America,47,0
16259,Single,Female,10000,4,Partial High School,Manual,1,2,0-1 Miles,Europe,40,1
16337,Married,Male,60000,0,Partial College,Skilled Manual,0,2,1-2 Miles,North America,29,0
16377,Single,Female,80000,4,Graduate Degree,Skilled Manual,0,0,0-1 Miles,North America,47,0
16390,Single,Male,30000,1,Bachelors,Clerical,0,0,0-1 Miles,Europe,38,1
16406,Married,Male,40000,0,Bachelors,Clerical,0,0,0-1 Miles,Europe,38,1
16438,Married,Female,10000,0,Partial High School,Manual,0,2,0-1 Miles,Europe,30,0
16466,Single,Female,20000,0,Partial High School,Manual,0,2,0-1 Miles,Europe,32,1
16468,Single,Male,30000,0,Partial College,Clerical,1,1,2-5 Miles,Europe,30,0
16489,Married,Male,30000,3,High School,Skilled Manual,1,2,5-10 Miles,Pacific,55,0
16514,Single,Male,10000,0,Partial College,Manual,1,1,1-2 Miles,Pacific,26,1
16549,Single,Female,30000,3,Bachelors,Clerical,1,0,0-1 Miles,Europe,47,1
16559,Single,Female,10000,2,High School,Manual,1,0,0-1 Miles,Europe,36,1
16614,Married,Female,80000,0,Bachelors,Professional,1,3,10+ Miles,Pacific,32,0
16651,Married,Female,120000,2,Bachelors,Management,1,3,5-10 Miles,North America,62,0
16675,Single,Female,160000,0,Graduate Degree,Management,0,3,0-1 Miles,Pacific,47,1
16713,Married,Male,40000,2,Bachelors,Management,1,1,0-1 Miles,Pacific,52,1
16725,Married,Male,30000,0,High School,Skilled Manual,1,2,5-10 Miles,North America,26,0
16751,Married,Male,60000,0,Partial College,Skilled Manual,1,1,5-10 Miles,North America,32,1
16753,Single,Female,70000,0,Partial College,Skilled Manual,1,2,5-10 Miles,North America,34,1
16773,Married,Male,60000,1,Graduate Degree,Skilled Manual,1,0,0-1 Miles,North America,33,0
16791,Single,Male,60000,5,Bachelors,Management,1,3,10+ Miles,North America,59,1
16795,Married,Female,70000,4,Bachelors,Management,1,1,1-2 Miles,North America,59,0
16813,Married,Male,60000,2,Partial College,Professional,1,2,10+ Miles,North America,55,0
16867,Single,Female,130000,1,Bachelors,Management,0,3,0-1 Miles,North America,45,1
16871,Married,Female,90000,2,High School,Professional,1,1,10+ Miles,North America,51,1
16890,Married,Male,60000,3,Partial High School,Skilled Manual,1,2,5-10 Miles,North America,52,1
16895,Married,Female,40000,3,Partial College,Professional,0,2,1-2 Miles,North America,54,1
16917,Married,Male,120000,1,Bachelors,Management,1,4,0-1 Miles,North America,38,0
17000,Single,Female,70000,4,Bachelors,Skilled Manual,1,2,2-5 Miles,North America,43,1
17012,Married,Female,60000,3,Graduate Degree,Professional,1,0,2-5 Miles,North America,42,1
17025,Single,Male,50000,0,Partial College,Skilled Manual,0,1,2-5 Miles,North America,39,1
17048,Single,Female,90000,1,Graduate Degree,Management,1,0,0-1 Miles,Pacific,36,1
17185,Married,Female,170000,4,Partial College,Professional,0,3,5-10 Miles,Europe,48,1
17191,Single,Male,130000,3,Partial College,Professional,0,3,0-1 Miles,Europe,51,1
17197,Single,Female,90000,5,Partial College,Professional,1,2,10+ Miles,Europe,62,0
17203,Married,Female,130000,4,Partial College,Professional,1,4,5-10 Miles,Europe,61,1
17230,Married,Male,80000,0,Bachelors,Professional,1,3,10+ Miles,Pacific,30,0
17238,Single,Male,80000,0,Bachelors,Professional,1,3,10+ Miles,Pacific,32,0
17260,Married,Male,90000,5,Partial College,Professional,1,3,0-1 Miles,North America,41,0
17269,Single,Male,60000,3,Bachelors,Professional,0,0,0-1 Miles,North America,47,1
17310,Married,Male,60000,1,Partial College,Skilled Manual,1,1,0-1 Miles,Pacific,45,1
17319,Single,Female,70000,0,Bachelors,Professional,0,1,5-10 Miles,Pacific,42,0
17324,Married,Female,100000,4,Bachelors,Professional,1,1,10+ Miles,Pacific,46,0
17337,Single,Male,40000,0,High School,Skilled Manual,1,1,5-10 Miles,North America,31,0
17352,Married,Male,50000,2,Graduate Degree,Management,1,1,5-10 Miles,Pacific,64,1
17369,Single,Male,30000,0,Partial College,Skilled Manual,1,1,5-10 Miles,North America,27,0
17436,Married,Male,60000,2,High School,Professional,0,2,1-2 Miles,North America,51,0
17450,Married,Male,80000,5,Partial College,Professional,1,3,5-10 Miles,North America,45,0
17458,Single,Male,70000,3,High School,Professional,1,0,5-10 Miles,North America,52,1
17462,Married,Male,70000,3,Graduate Degree,Management,1,2,5-10 Miles,North America,53,1
17471,Single,Female,80000,4,Graduate Degree,Management,1,2,5-10 Miles,North America,67,0
17482,Single,Female,40000,0,Partial High School,Clerical,1,2,5-10 Miles,North America,29,0
17504,Single,Female,80000,2,Partial College,Skilled Manual,1,2,5-10 Miles,Pacific,52,1
17519,Married,Female,60000,0,Partial College,Professional,1,2,5-10 Miles,North America,32,0
17522,Married,Male,120000,4,Bachelors,Management,1,1,2-5 Miles,Pacific,47,0
17531,Married,Male,60000,2,High School,Professional,0,2,5-10 Miles,North America,50,0
17533,Married,Male,40000,3,Partial College,Professional,0,2,5-10 Miles,North America,73,1
17541,Married,Female,40000,4,High School,Skilled Manual,1,2,2-5 Miles,North America,43,0
17546,Married,Female,70000,1,Partial College,Skilled Manual,1,1,0-1 Miles,North America,44,1
17650,Single,Female,40000,2,Partial College,Clerical,1,2,1-2 Miles,Europe,35,0
17654,Single,Female,40000,3,Partial College,Clerical,1,1,1-2 Miles,North America,30,1
17657,Married,Male,40000,4,Partial College,Clerical,0,0,0-1 Miles,North America,30,0
17668,Single,Male,30000,2,High School,Skilled Manual,1,2,1-2 Miles,North America,50,1
17699,Married,Male,60000,1,Graduate Degree,Skilled Manual,0,0,0-1 Miles,North America,47,0
17702,Married,Male,10000,1,Graduate Degree,Manual,1,0,0-1 Miles,Europe,37,0
17703,Married,Female,10000,1,Graduate Degree,Manual,1,0,0-1 Miles,Europe,40,0
17754,Single,Female,30000,3,Bachelors,Clerical,1,0,0-1 Miles,Europe,46,1
17841,Single,Male,30000,0,Partial College,Clerical,0,1,0-1 Miles,Europe,29,1
17843,Single,Female,10000,0,Partial High School,Manual,0,2,0-1 Miles,Europe,32,0
17845,Single,Female,20000,0,Partial High School,Manual,0,2,1-2 Miles,Europe,32,0
17848,Single,Male,30000,0,Partial College,Clerical,0,1,2-5 Miles,Europe,31,1
17858,Married,Male,40000,4,High School,Skilled Manual,1,2,2-5 Miles,North America,44,1
17864,Married,Female,60000,1,Partial College,Skilled Manual,1,1,2-5 Miles,North America,46,1
17882,Married,Male,20000,1,Graduate Degree,Clerical,1,0,0-1 Miles,Europe,44,0
17891,Married,Female,10000,2,Partial College,Manual,1,1,0-1 Miles,Europe,50,1
17894,Married,Female,20000,1,Bachelors,Clerical,1,0,0-1 Miles,Europe,50,1
17907,Married,Female,10000,0,Partial College,Manual,1,1,2-5 Miles,Pacific,27,0
17926,Married,Female,60000,0,Bachelors,Clerical,0,0,0-1 Miles,Pacific,28,1
17960,Married,Female,40000,0,Graduate Degree,Clerical,1,0,0-1 Miles,Europe,35,1
17964,Married,Male,40000,0,Graduate Degree,Clerical,1,0,0-1 Miles,Europe,37,1
17994,Single,Male,20000,2,High School,Manual,1,2,0-1 Miles,Europe,42,0
18018,Single,Male,30000,3,Partial College,Clerical,1,0,0-1 Miles,Europe,43,0
18050,Married,Female,60000,1,Partial College,Skilled Manual,1,1,0-1 Miles,North America,45,1
18058,Single,Female,20000,3,High School,Skilled Manual,1,2,2-5 Miles,North America,78,0
18066,Single,Male,70000,5,Bachelors,Management,1,3,10+ Miles,North America,60,1
18069,Married,Male,70000,5,Bachelors,Management,1,4,10+ Miles,North America,60,0
18140,Married,Male,130000,3,Partial College,Professional,0,3,5-10 Miles,Europe,51,1
18144,Married,Female,80000,5,Bachelors,Management,1,2,2-5 Miles,Europe,61,0
18145,Married,Male,80000,5,Bachelors,Management,0,2,2-5 Miles,Europe,62,0
18151,Single,Male,80000,5,Partial College,Professional,0,2,10+ Miles,Europe,59,0
18153,Married,Female,100000,2,Bachelors,Management,1,4,10+ Miles,Europe,59,0
18160,Married,Male,130000,3,High School,Professional,1,4,5-10 Miles,Europe,51,1
18172,Married,Male,130000,4,High School,Professional,1,3,0-1 Miles,Europe,55,0
18267,Married,Male,60000,3,Bachelors,Professional,1,2,5-10 Miles,Pacific,43,0
18283,Married,Female,100000,0,Bachelors,Professional,0,1,5-10 Miles,Pacific,40,0
18294,Married,Female,90000,1,Bachelors,Professional,1,1,5-10 Miles,Pacific,46,0
18299,Married,Male,70000,5,Partial College,Skilled Manual,1,2,5-10 Miles,Pacific,44,0
18322,Single,Male,30000,0,Partial High School,Clerical,0,2,0-1 Miles,North America,26,0
18329,Single,Male,30000,0,Partial High School,Clerical,0,2,5-10 Miles,North America,27,0
18347,Single,Female,30000,0,Partial College,Skilled Manual,0,1,1-2 Miles,North America,31,0
18390,Married,Male,80000,5,Partial College,Professional,1,2,0-1 Miles,North America,44,0
18391,Single,Female,80000,5,Partial College,Professional,1,2,5-10 Miles,North America,44,0
18411,Married,Male,60000,2,High School,Professional,0,2,5-10 Miles,North America,51,0
18423,Single,Male,80000,2,Partial High School,Skilled Manual,0,2,1-2 Miles,North America,52,0
18435,Single,Female,70000,5,Graduate Degree,Management,1,2,10+ Miles,North America,67,1
18484,Single,Male,80000,2,High School,Skilled Manual,0,2,1-2 Miles,Pacific,50,1
18491,Single,Female,70000,2,High School,Professional,1,2,5-10 Miles,Pacific,49,1
18494,Married,Male,110000,5,Bachelors,Management,1,4,2-5 Miles,Pacific,48,1
18504,Married,Male,70000,2,Partial High School,Skilled Manual,0,2,1-2 Miles,North America,49,0
18517,Married,Male,100000,3,Bachelors,Management,1,4,0-1 Miles,North America,41,0
18545,Married,Male,40000,4,High School,Professional,0,2,10+ Miles,North America,61,1
18560,Married,Female,70000,2,Graduate Degree,Professional,1,0,2-5 Miles,North America,34,1
18572,Married,Female,60000,0,Graduate Degree,Professional,1,0,0-1 Miles,North America,39,0
18580,Married,Female,60000,2,Graduate Degree,Professional,1,0,2-5 Miles,North America,47,1
18594,Single,Female,80000,3,Bachelors,Skilled Manual,1,3,10+ Miles,North America,40,1
18607,Single,Female,60000,4,Bachelors,Skilled Manual,1,2,2-5 Miles,North America,42,1
18613,Single,Male,70000,0,Bachelors,Professional,0,1,2-5 Miles,North America,37,1
18626,Single,Male,40000,2,Partial College,Clerical,1,2,1-2 Miles,Europe,33,1
18649,Single,Male,30000,1,High School,Clerical,1,2,1-2 Miles,North America,51,1
18674,Single,Female,80000,4,Graduate Degree,Skilled Manual,0,0,0-1 Miles,North America,48,0
18711,Single,Female,70000,5,Bachelors,Professional,1,4,10+ Miles,Pacific,39,0
18740,Married,Male,80000,5,Bachelors,Professional,0,1,0-1 Miles,Pacific,47,1
18752,Single,Female,40000,0,High School,Skilled Manual,1,1,5-10 Miles,North America,31,0
18783,Single,Male,80000,0,Bachelors,Management,0,1,0-1 Miles,North America,38,1
18847,Married,Female,60000,2,Graduate Degree,Management,1,2,5-10 Miles,North America,70,0
18858,Single,Male,60000,2,Partial High School,Skilled Manual,1,2,5-10 Miles,North America,52,1
18891,Married,Female,40000,0,Partial College,Skilled Manual,1,2,5-10 Miles,North America,28,0
18910,Single,Male,30000,0,Partial College,Skilled Manual,1,2,5-10 Miles,North America,30,0
18935,Married,Female,130000,0,Graduate Degree,Management,1,3,1-2 Miles,North America,40,0
18949,Single,Male,70000,0,Graduate Degree,Management,1,2,5-10 Miles,North America,74,1
18952,Married,Female,100000,4,Bachelors,Management,1,4,0-1 Miles,North America,40,0
18976,Single,Male,40000,4,High School,Professional,1,2,10+ Miles,North America,62,1
19002,Married,Female,60000,2,Partial College,Professional,1,1,2-5 Miles,North America,57,1
19012,Married,Male,80000,3,Bachelors,Management,1,1,1-2 Miles,North America,56,0
19057,Married,Female,120000,3,Bachelors,Management,0,2,10+ Miles,Europe,52,1
19066,Married,Male,130000,4,Partial College,Professional,0,3,10+ Miles,Europe,54,0
19117,Single,Female,60000,1,Graduate Degree,Professional,1,0,2-5 Miles,North America,36,1
19133,Single,Male,50000,2,Bachelors,Skilled Manual,1,1,2-5 Miles,North America,38,1
19147,Married,Male,40000,0,Bachelors,Professional,0,1,0-1 Miles,North America,42,0
19163,Married,Female,70000,4,Bachelors,Professional,1,2,0-1 Miles,North America,43,1
19164,Single,Female,70000,0,Bachelors,Professional,0,1,2-5 Miles,North America,38,1
19174,Single,Female,30000,0,High School,Manual,0,1,2-5 Miles,Europe,32,1
19183,Single,Male,10000,0,Partial High School,Manual,1,2,1-2 Miles,Europe,35,0
19193,Single,Male,40000,2,Partial College,Clerical,1,0,1-2 Miles,Europe,35,1
19217,Married,Male,30000,2,High School,Skilled Manual,1,2,1-2 Miles,North America,49,0
19223,Married,Female,30000,2,High School,Skilled Manual,1,2,1-2 Miles,North America,48,0
19228,Married,Female,40000,2,Partial College,Clerical,1,1,0-1 Miles,North America,48,0
19235,Married,Female,50000,0,Graduate Degree,Skilled Manual,1,0,0-1 Miles,North America,34,0
19255,Single,Male,10000,2,Partial College,Manual,1,1,0-1 Miles,Europe,51,1
19273,Married,Female,20000,2,Partial College,Manual,1,0,0-1 Miles,Europe,63,0
19280,Married,Male,60000,2,Partial College,Manual,1,1,0-1 Miles,Europe,47,1
19291,Single,Female,10000,2,High School,Manual,1,0,0-1 Miles,Europe,35,0
19299,Married,Female,50000,0,Graduate Degree,Skilled Manual,1,0,0-1 Miles,Europe,36,1
19305,Single,Female,10000,2,High School,Manual,1,1,0-1 Miles,Europe,38,1
19331,Single,Male,20000,2,High School,Manual,1,1,0-1 Miles,Europe,40,0
19364,Married,Male,40000,1,Bachelors,Skilled Manual,1,0,0-1 Miles,Europe,43,1
19389,Single,Male,30000,0,Partial College,Clerical,0,1,2-5 Miles,Europe,28,0
19399,Single,Male,40000,0,Bachelors,Professional,0,1,2-5 Miles,North America,45,0
19413,Single,Male,60000,3,Bachelors,Professional,0,1,0-1 Miles,North America,47,1
19441,Married,Male,40000,0,Graduate Degree,Clerical,1,0,0-1 Miles,Europe,47,1
19442,Single,Male,50000,0,Graduate Degree,Skilled Manual,1,0,0-1 Miles,Europe,37,1
19445,Married,Female,10000,2,High School,Manual,0,1,0-1 Miles,Europe,38,0
19461,Single,Female,10000,4,Partial High School,Manual,1,2,0-1 Miles,Europe,40,0
19475,Married,Female,40000,0,Bachelors,Professional,0,0,0-1 Miles,Europe,40,1
19477,Married,Male,40000,0,Bachelors,Professional,1,0,0-1 Miles,Europe,40,1
19482,Married,Male,30000,1,Partial College,Clerical,1,1,0-1 Miles,Europe,44,1
19487,Married,Male,30000,2,Partial College,Clerical,0,2,0-1 Miles,Europe,42,0
19491,Single,Male,30000,2,Partial College,Clerical,1,2,0-1 Miles,Europe,42,0
19508,Married,Male,10000,0,Partial High School,Manual,0,2,0-1 Miles,Europe,30,0
19543,Married,Male,70000,5,Graduate Degree,Professional,0,3,10+ Miles,North America,47,0
19562,Single,Female,60000,2,Bachelors,Professional,1,1,2-5 Miles,Pacific,37,1
19608,Married,Male,80000,5,Bachelors,Professional,1,4,1-2 Miles,Pacific,40,0
19618,Married,Male,70000,5,Partial College,Skilled Manual,1,2,0-1 Miles,Pacific,44,0
19626,Married,Male,70000,5,Partial College,Skilled Manual,1,3,5-10 Miles,Pacific,45,0
19634,Married,Male,40000,0,High School,Skilled Manual,1,1,5-10 Miles,North America,31,0
19650,Married,Female,30000,2,Partial College,Clerical,0,2,0-1 Miles,Pacific,67,0
19660,Married,Male,80000,4,Bachelors,Management,1,0,0-1 Miles,North America,43,0
19661,Single,Male,90000,4,Bachelors,Management,1,1,1-2 Miles,North America,38,1
19664,Single,Male,100000,3,Bachelors,Management,0,3,1-2 Miles,North America,38,0
19675,Married,Male,20000,4,High School,Skilled Manual,1,2,5-10 Miles,Pacific,60,0
19731,Married,Male,80000,4,Graduate Degree,Management,1,2,5-10 Miles,North America,68,0
19741,Single,Female,80000,4,Graduate Degree,Management,1,2,5-10 Miles,North America,65,0
19747,Married,Male,50000,4,Bachelors,Management,1,2,10+ Miles,North America,63,0
19748,Married,Male,20000,4,High School,Skilled Manual,0,2,1-2 Miles,Pacific,60,0
19758,Single,Male,60000,0,Partial College,Skilled Manual,0,2,1-2 Miles,North America,29,0
19784,Married,Female,80000,2,High School,Skilled Manual,1,2,5-10 Miles,Pacific,50,1
19812,Single,Female,70000,2,Partial College,Professional,1,0,5-10 Miles,North America,49,1
19856,Married,Female,60000,4,Bachelors,Management,1,2,2-5 Miles,North America,60,0
19884,Married,Male,60000,2,High School,Professional,1,2,2-5 Miles,North America,55,1
19889,Single,Female,70000,2,Partial High School,Skilled Manual,0,2,2-5 Miles,North America,54,1
19914,Married,Male,80000,5,Bachelors,Management,1,2,2-5 Miles,Europe,62,0
20000,Married,Male,60000,1,Graduate Degree,Professional,1,0,0-1 Miles,North America,35,1
20053,Single,Male,40000,2,Partial College,Clerical,1,0,0-1 Miles,Europe,34,0
20060,Single,Female,30000,0,High School,Manual,0,1,2-5 Miles,Europe,34,1
20076,Single,Female,10000,2,High School,Manual,1,2,1-2 Miles,North America,53,1
20084,Married,Male,20000,2,High School,Manual,0,2,0-1 Miles,North America,53,0
20147,Married,Female,30000,1,Bachelors,Clerical,1,0,0-1 Miles,Europe,65,0
20171,Married,Female,20000,2,Partial College,Manual,1,1,0-1 Miles,Europe,46,1
20196,Married,Male,60000,1,Partial College,Skilled Manual,1,1,2-5 Miles,North America,45,1
20228,Married,Male,100000,0,Graduate Degree,Management,1,0,2-5 Miles,Pacific,40,1
20236,Single,Male,60000,3,Bachelors,Professional,0,2,0-1 Miles,Pacific,43,1
20277,Married,Female,30000,2,Partial College,Clerical,0,2,0-1 Miles,Pacific,69,0
20296,Single,Female,60000,0,Partial College,Skilled Manual,0,1,1-2 Miles,North America,33,1
20310,Single,Male,60000,0,Partial College,Skilled Manual,1,1,5-10 Miles,North America,27,1
20339,Married,Female,130000,1,Bachelors,Management,1,4,2-5 Miles,North America,44,1
20343,Married,Female,90000,4,Partial College,Professional,1,1,1-2 Miles,North America,45,0
20361,Married,Male,50000,2,Graduate Degree,Management,1,2,5-10 Miles,North America,69,0
20370,Married,Male,70000,3,Partial High School,Skilled Manual,1,2,5-10 Miles,North America,52,0
20376,Single,Female,70000,3,Graduate Degree,Management,1,2,5-10 Miles,North America,52,1
20380,Married,Female,60000,3,Graduate Degree,Management,1,2,10+ Miles,North America,69,0
20401,Married,Female,50000,4,Bachelors,Management,1,2,1-2 Miles,North America,64,1
20414,Married,Female,60000,0,Partial College,Skilled Manual,1,2,5-10 Miles,North America,29,0
20417,Married,Male,30000,3,Partial College,Clerical,0,2,5-10 Miles,Pacific,56,0
20421,Single,Female,40000,0,Partial High School,Clerical,1,2,5-10 Miles,North America,26,0
20430,Married,Male,70000,2,Partial College,Skilled Manual,1,2,5-10 Miles,Pacific,52,1
20504,Married,Female,40000,5,High School,Professional,0,2,2-5 Miles,North America,60,0
20505,Married,Female,40000,5,High School,Professional,0,2,10+ Miles,North America,61,0
20514,Married,Female,70000,2,Partial College,Professional,1,1,2-5 Miles,North America,59,0
20518,Married,Female,70000,2,Partial College,Professional,1,1,10+ Miles,North America,58,0
20528,Married,Male,40000,2,Partial High School,Skilled Manual,1,2,2-5 Miles,North America,55,0
20535,Married,Female,70000,4,Partial College,Professional,1,1,10+ Miles,North America,56,0
20567,Married,Male,130000,4,Partial College,Professional,0,4,5-10 Miles,Europe,61,1
20598,Married,Male,100000,3,Partial High School,Professional,1,0,10+ Miles,Europe,59,1
20606,Married,Female,70000,0,Bachelors,Professional,1,4,10+ Miles,Pacific,32,1
20619,Single,Male,80000,0,Bachelors,Professional,0,4,10+ Miles,Pacific,35,0
20625,Married,Male,100000,0,High School,Management,1,3,10+ Miles,Pacific,35,1
20657,Single,Male,50000,2,Bachelors,Skilled Manual,1,0,2-5 Miles,North America,37,1
20678,Single,Female,60000,3,Bachelors,Skilled Manual,1,1,2-5 Miles,North America,40,1
20698,Married,Male,60000,4,Bachelors,Skilled Manual,1,3,5-10 Miles,North America,42,0
20711,Married,Female,40000,1,Bachelors,Skilled Manual,1,0,1-2 Miles,Europe,32,1
20729,Married,Female,40000,2,Partial College,Clerical,0,1,0-1 Miles,Europe,34,0
20754,Married,Male,30000,2,High School,Skilled Manual,1,2,1-2 Miles,North America,51,0
20758,Married,Male,30000,2,High School,Skilled Manual,1,2,1-2 Miles,North America,50,0
20797,Married,Female,10000,1,Bachelors,Manual,1,0,0-1 Miles,Europe,48,0
20828,Married,Female,30000,4,Graduate Degree,Clerical,1,0,0-1 Miles,Europe,45,1
20839,Single,Female,30000,3,Graduate Degree,Clerical,1,0,0-1 Miles,Europe,47,1
20851,Single,Male,20000,0,Partial College,Manual,0,1,2-5 Miles,Europe,36,1
20877,Single,Male,30000,1,Bachelors,Clerical,1,0,1-2 Miles,Europe,37,1
20897,Married,Female,30000,1,Bachelors,Skilled Manual,1,2,0-1 Miles,Europe,40,0
20919,Single,Female,30000,2,Partial College,Clerical,1,2,0-1 Miles,Europe,42,0
20923,Married,Female,40000,1,Bachelors,Skilled Manual,1,0,0-1 Miles,Europe,42,1
20927,Single,Female,20000,5,High School,Manual,1,2,0-1 Miles,Europe,27,0
20942,Single,Female,20000,0,High School,Manual,0,1,5-10 Miles,Europe,31,0
20946,Single,Female,30000,0,Partial College,Clerical,0,1,2-5 Miles,Europe,30,0
20962,Married,Female,20000,1,Graduate Degree,Clerical,1,0,0-1 Miles,Europe,45,0
20970,Single,Male,10000,2,Partial College,Manual,1,1,0-1 Miles,Europe,52,1
20974,Married,Male,10000,2,Bachelors,Clerical,1,1,0-1 Miles,Europe,66,0
20977,Married,Male,20000,1,Bachelors,Clerical,1,0,0-1 Miles,Europe,64,1
20994,Married,Female,20000,0,Bachelors,Clerical,0,0,0-1 Miles,Pacific,26,1
21006,Single,Female,60000,1,Partial College,Manual,0,0,0-1 Miles,Europe,46,1
21039,Single,Female,50000,0,Graduate Degree,Skilled Manual,0,0,0-1 Miles,Europe,37,1
21108,Married,Female,40000,1,Bachelors,Skilled Manual,1,1,0-1 Miles,Europe,43,1
21184,Single,Male,70000,0,Bachelors,Professional,0,1,5-10 Miles,Pacific,38,0
21207,Married,Male,60000,1,Partial College,Skilled Manual,1,1,5-10 Miles,Pacific,46,0
21213,Single,Male,70000,0,Bachelors,Professional,0,1,5-10 Miles,Pacific,41,0
21260,Single,Female,40000,0,High School,Skilled Manual,1,2,5-10 Miles,North America,30,0
21266,Single,Female,80000,0,Bachelors,Management,1,1,1-2 Miles,North America,34,1
21306,Single,Male,60000,2,High School,Professional,1,2,5-10 Miles,North America,51,0
21365,Married,Female,10000,2,Partial High School,Clerical,1,2,5-10 Miles,Pacific,58,0
21375,Single,Male,20000,2,Partial High School,Clerical,1,2,5-10 Miles,Pacific,57,0
21417,Single,Female,60000,0,Partial College,Professional,0,2,1-2 Miles,North America,32,1
21441,Married,Male,50000,4,Bachelors,Management,1,2,10+ Miles,North America,64,0
21451,Married,Female,40000,4,High School,Professional,1,2,10+ Miles,North America,61,0
21471,Married,Male,70000,2,Partial College,Professional,1,1,10+ Miles,North America,59,0
21554,Single,Female,80000,0,Bachelors,Professional,0,3,10+ Miles,Pacific,33,0
21557,Single,Female,110000,0,Partial College,Management,1,3,10+ Miles,Pacific,32,1
21560,Married,Male,120000,0,Partial High School,Professional,1,4,10+ Miles,Pacific,32,1
21561,Single,Male,90000,0,Bachelors,Professional,0,3,10+ Miles,Pacific,34,1
21564,Single,Female,80000,0,Bachelors,Professional,1,4,10+ Miles,Pacific,35,0
21568,Married,Female,100000,0,High School,Management,1,4,10+ Miles,Pacific,34,1
21583,Married,Female,50000,1,Bachelors,Skilled Manual,1,0,0-1 Miles,North America,34,1
21587,Married,Female,60000,1,Graduate Degree,Skilled Manual,1,0,2-5 Miles,North America,34,1
21599,Married,Female,60000,1,Graduate Degree,Professional,1,0,2-5 Miles,North America,36,1
21613,Single,Male,50000,2,Bachelors,Skilled Manual,0,1,0-1 Miles,North America,39,1
21660,Married,Female,60000,3,Graduate Degree,Professional,1,0,2-5 Miles,North America,43,1
21693,Single,Female,60000,0,Graduate Degree,Skilled Manual,0,0,0-1 Miles,North America,40,0
21695,Married,Male,60000,0,Graduate Degree,Skilled Manual,1,0,1-2 Miles,North America,39,1
21713,Single,Male,80000,5,Graduate Degree,Skilled Manual,0,0,0-1 Miles,North America,47,0
21714,Single,Female,80000,5,Graduate Degree,Skilled Manual,0,0,0-1 Miles,North America,47,0
21717,Married,Male,40000,2,Partial College,Clerical,1,1,0-1 Miles,North America,47,0
21738,Married,Male,20000,1,Graduate Degree,Clerical,1,0,0-1 Miles,Europe,43,0
21741,Married,Female,70000,3,Partial College,Professional,1,2,5-10 Miles,North America,50,1
21751,Married,Male,60000,3,Graduate Degree,Management,1,2,1-2 Miles,North America,63,0
21752,Married,Male,60000,3,Graduate Degree,Management,1,2,10+ Miles,North America,64,0
21770,Married,Male,60000,4,Bachelors,Management,1,2,10+ Miles,North America,60,0
21801,Married,Female,70000,4,Partial College,Professional,1,1,1-2 Miles,North America,55,0
21891,Married,Female,110000,0,High School,Management,1,3,10+ Miles,Pacific,34,1
21940,Married,Male,90000,5,Graduate Degree,Professional,1,0,0-1 Miles,North America,47,1
21974,Single,Female,70000,0,Bachelors,Professional,1,1,5-10 Miles,Pacific,42,1
21980,Single,Female,60000,1,Bachelors,Professional,1,1,5-10 Miles,Pacific,44,1
22005,Married,Female,70000,5,Partial College,Skilled Manual,0,3,5-10 Miles,Pacific,46,0
22006,Married,Male,70000,5,Partial College,Skilled Manual,1,3,5-10 Miles,Pacific,46,0
22010,Single,Male,40000,0,High School,Skilled Manual,1,2,5-10 Miles,North America,31,0
22014,Single,Male,30000,0,High School,Skilled Manual,1,2,5-10 Miles,North America,26,0
22042,Married,Female,70000,0,Partial College,Skilled Manual,1,2,5-10 Miles,North America,34,1
22046,Single,Female,80000,0,Bachelors,Management,0,1,0-1 Miles,North America,38,1
22088,Married,Female,130000,1,Bachelors,Management,1,2,0-1 Miles,North America,45,1
22118,Single,Female,70000,3,Graduate Degree,Management,1,2,5-10 Miles,North America,53,1
22127,Married,Male,60000,3,Graduate Degree,Management,1,2,1-2 Miles,North America,67,0
22155,Married,Male,20000,2,Partial High School,Clerical,1,2,5-10 Miles,Pacific,58,0
22170,Married,Female,30000,3,Partial College,Clerical,0,2,1-2 Miles,Pacific,55,1
22173,Married,Female,30000,3,High School,Skilled Manual,0,2,1-2 Miles,Pacific,54,1
22174,Married,Male,30000,3,High School,Skilled Manual,1,2,5-10 Miles,Pacific,54,1
22175,Married,Female,30000,3,High School,Skilled Manual,1,2,5-10 Miles,Pacific,53,1
22204,Married,Male,110000,4,Bachelors,Management,1,3,2-5 Miles,Pacific,48,0
22211,Married,Male,60000,0,Partial College,Professional,1,2,5-10 Miles,North America,32,0
22219,Married,Female,60000,2,High School,Professional,1,2,5-10 Miles,North America,49,0
22220,Married,Male,60000,2,High School,Professional,0,2,1-2 Miles,North America,49,1
22221,Married,Male,60000,2,High School,Professional,0,2,1-2 Miles,North America,48,1
22227,Married,Female,60000,2,High School,Professional,1,2,5-10 Miles,North America,50,0
22294,Single,Female,70000,0,Bachelors,Professional,0,1,2-5 Miles,North America,37,1
22296,Married,Male,70000,0,Bachelors,Professional,0,1,0-1 Miles,North America,38,0
22330,Married,Male,50000,0,Graduate Degree,Skilled Manual,1,0,1-2 Miles,North America,32,1
22381,Married,Male,10000,1,Graduate Degree,Manual,1,0,0-1 Miles,Europe,44,0
22400,Married,Male,10000,0,Partial College,Manual,0,1,0-1 Miles,Pacific,26,1
22402,Married,Male,10000,0,Partial College,Manual,1,1,2-5 Miles,Pacific,25,1
22439,Married,Female,30000,0,Bachelors,Clerical,1,0,0-1 Miles,Europe,37,1
22496,Married,Female,30000,1,Bachelors,Skilled Manual,1,2,0-1 Miles,Europe,42,0
22500,Single,Male,40000,0,Bachelors,Professional,0,0,0-1 Miles,Europe,40,1
22518,Single,Female,30000,3,Partial College,Clerical,0,2,0-1 Miles,Europe,27,1
22527,Single,Female,20000,0,High School,Manual,0,1,2-5 Miles,Europe,29,0
22538,Single,Female,10000,0,Partial High School,Manual,1,2,1-2 Miles,Europe,33,0
22633,Single,Female,40000,0,Graduate Degree,Clerical,1,0,0-1 Miles,Europe,37,1
22634,Single,Female,40000,0,Graduate Degree,Clerical,1,0,0-1 Miles,Europe,38,1
22636,Single,Female,40000,0,Bachelors,Clerical,1,0,0-1 Miles,Europe,38,1
22672,Single,Female,30000,2,Partial College,Clerical,1,0,0-1 Miles,Europe,43,0
22719,Single,Male,110000,3,Bachelors,Management,1,4,2-5 Miles,North America,40,1
22730,Married,Male,70000,5,Bachelors,Management,1,2,10+ Miles,North America,63,0
22743,Married,Female,40000,5,High School,Professional,1,2,10+ Miles,North America,60,0
22821,Married,Female,130000,3,Partial College,Professional,1,4,0-1 Miles,Europe,52,0
22830,Married,Male,120000,4,Partial College,Management,1,3,10+ Miles,Europe,56,0
22864,Married,Male,90000,2,Partial College,Professional,0,0,5-10 Miles,North America,49,1
22918,Single,Male,80000,5,Graduate Degree,Management,1,3,0-1 Miles,Pacific,47,0
22930,Married,Male,90000,4,Bachelors,Professional,1,0,1-2 Miles,Pacific,38,1
22931,Married,Male,100000,5,Graduate Degree,Management,0,1,1-2 Miles,Pacific,78,1
22936,Single,Female,60000,1,Partial College,Skilled Manual,0,1,0-1 Miles,Pacific,45,1
22971,Single,Female,30000,0,High School,Skilled Manual,0,2,0-1 Miles,North America,25,1
22974,Married,Female,30000,2,Partial College,Clerical,1,2,5-10 Miles,Pacific,69,0
22976,Single,Male,40000,0,High School,Skilled Manual,0,2,0-1 Miles,North America,28,1
22983,Single,Female,30000,0,Partial High School,Clerical,1,2,5-10 Miles,North America,27,0
22988,Married,Female,40000,2,Bachelors,Management,1,2,5-10 Miles,Pacific,66,1
22994,Married,Female,80000,0,Bachelors,Management,1,1,1-2 Miles,North America,34,1
23027,Single,Male,130000,1,Bachelors,Management,0,4,0-1 Miles,North America,44,0
23041,Single,Female,70000,4,High School,Professional,1,0,5-10 Miles,North America,50,1
23089,Married,Male,40000,0,Partial College,Skilled Manual,1,1,5-10 Miles,North America,28,0
23105,Single,Male,40000,3,Partial High School,Clerical,0,2,5-10 Miles,Pacific,52,1
23144,Married,Male,50000,1,Bachelors,Skilled Manual,1,0,0-1 Miles,North America,34,1
23158,Married,Female,60000,1,Graduate Degree,Professional,0,0,0-1 Miles,North America,35,1
23195,Single,Male,50000,3,Bachelors,Skilled Manual,1,2,2-5 Miles,North America,41,1
23197,Married,Male,50000,3,Bachelors,Skilled Manual,1,2,2-5 Miles,North America,40,0
23200,Married,Female,50000,3,Bachelors,Skilled Manual,1,2,0-1 Miles,North America,41,0
23217,Single,Female,60000,3,Graduate Degree,Professional,1,0,2-5 Miles,North America,43,1
23248,Married,Female,10000,2,High School,Manual,1,2,1-2 Miles,North America,53,0
23256,Single,Male,30000,1,High School,Clerical,0,1,5-10 Miles,North America,52,0
23316,Single,Male,30000,3,Partial College,Clerical,0,2,1-2 Miles,Pacific,59,1
23333,Married,Male,40000,0,Partial College,Skilled Manual,0,2,1-2 Miles,North America,30,0
23358,Married,Male,60000,0,High School,Professional,1,2,5-10 Miles,North America,32,1
23368,Married,Female,60000,5,Bachelors,Skilled Manual,1,3,10+ Miles,North America,41,0
23376,Married,Male,70000,1,Bachelors,Professional,1,1,2-5 Miles,North America,44,1
23378,Married,Male,70000,1,Partial College,Skilled Manual,1,1,2-5 Miles,North America,44,1
23419,Single,Female,70000,5,Bachelors,Professional,1,3,10+ Miles,Pacific,39,0
23426,Single,Male,80000,5,Graduate Degree,Management,1,3,0-1 Miles,Pacific,40,0
23432,Single,Male,70000,0,Bachelors,Professional,1,1,5-10 Miles,Pacific,37,1
23449,Married,Male,60000,2,High School,Professional,1,2,5-10 Miles,North America,48,0
23455,Single,Male,80000,2,Partial High School,Skilled Manual,0,2,1-2 Miles,North America,50,0
23459,Married,Male,60000,2,High School,Professional,1,2,5-10 Miles,North America,50,0
23461,Married,Female,90000,5,Partial College,Professional,1,3,2-5 Miles,North America,40,0
23479,Single,Male,90000,0,Partial College,Professional,0,2,0-1 Miles,North America,43,1
23491,Single,Male,100000,0,Partial College,Professional,0,4,1-2 Miles,North America,45,0
23513,Married,Female,40000,3,Partial College,Professional,1,2,5-10 Miles,North America,54,0
23542,Single,Male,60000,1,Partial College,Skilled Manual,0,1,0-1 Miles,Pacific,45,1
23571,Married,Female,40000,2,Bachelors,Management,1,2,0-1 Miles,Pacific,66,1
23608,Married,Female,150000,3,High School,Professional,1,3,0-1 Miles,Europe,51,1
23627,Single,Female,100000,3,Partial College,Management,0,4,5-10 Miles,Europe,56,0
23668,Married,Female,40000,4,High School,Professional,1,2,5-10 Miles,North America,59,1
23672,Married,Female,60000,3,Graduate Degree,Management,1,2,1-2 Miles,North America,67,0
23704,Single,Male,40000,5,High School,Professional,1,4,10+ Miles,North America,47,1
23712,Single,Female,70000,2,Bachelors,Management,1,1,10+ Miles,North America,59,0
23731,Married,Male,60000,2,High School,Professional,1,2,2-5 Miles,North America,54,1
23780,Single,Male,40000,2,Partial College,Clerical,0,2,0-1 Miles,Europe,36,1
23797,Single,Male,20000,3,Partial High School,Clerical,0,2,0-1 Miles,North America,50,0
23801,Married,Female,20000,2,Partial High School,Clerical,1,2,0-1 Miles,North America,49,0
23818,Married,Female,50000,0,Graduate Degree,Skilled Manual,1,0,1-2 Miles,North America,33,1
23882,Single,Female,80000,3,Graduate Degree,Professional,1,0,0-1 Miles,North America,37,1
23893,Married,Male,50000,3,Bachelors,Skilled Manual,1,3,10+ Miles,North America,41,0
23908,Single,Male,30000,1,Bachelors,Clerical,0,1,0-1 Miles,Europe,39,1
23915,Married,Male,20000,2,High School,Manual,1,2,0-1 Miles,Europe,42,0
23940,Married,Male,40000,1,Bachelors,Skilled Manual,1,1,0-1 Miles,Europe,44,1
23962,Married,Female,10000,0,Partial High School,Manual,1,2,1-2 Miles,Europe,32,0
23963,Married,Male,10000,0,Partial High School,Manual,0,2,0-1 Miles,Europe,33,0
23979,Single,Male,10000,2,Partial College,Manual,0,0,0-1 Miles,Europe,50,0
23986,Married,Female,20000,1,Bachelors,Clerical,1,0,0-1 Miles,Europe,66,1
23993,Single,Female,10000,0,Partial College,Manual,0,1,0-1 Miles,Pacific,26,1
24061,Married,Male,10000,4,Partial High School,Manual,1,1,0-1 Miles,Europe,40,1
24065,Single,Female,20000,0,High School,Manual,1,0,0-1 Miles,Europe,40,1
24093,Single,Female,80000,0,Graduate Degree,Skilled Manual,0,0,0-1 Miles,Europe,40,1
24107,Married,Male,30000,3,Partial College,Clerical,1,1,0-1 Miles,Europe,43,0
24119,Single,Male,30000,0,Partial College,Clerical,0,1,2-5 Miles,Europe,29,0
24121,Single,Female,30000,0,Partial College,Clerical,0,1,0-1 Miles,Europe,29,1
24140,Single,Male,10000,0,Graduate Degree,Manual,0,0,0-1 Miles,Europe,30,1
24149,Married,Male,10000,2,Partial College,Manual,1,0,1-2 Miles,Europe,49,0
24151,Single,Male,20000,1,Bachelors,Clerical,0,0,0-1 Miles,Europe,51,0
24174,Married,Male,20000,0,Bachelors,Clerical,1,0,0-1 Miles,Pacific,27,1
24185,Single,Female,10000,1,High School,Manual,0,1,1-2 Miles,Europe,45,0
24187,Single,Female,30000,3,Graduate Degree,Clerical,0,0,0-1 Miles,Europe,46,1
24201,Married,Female,10000,2,High School,Manual,1,0,0-1 Miles,Europe,37,1
24273,Married,Female,20000,2,Partial High School,Clerical,1,2,5-10 Miles,Pacific,55,1
24279,Single,Male,40000,2,Partial College,Skilled Manual,0,2,1-2 Miles,Pacific,52,0
24305,Single,Male,100000,1,Bachelors,Management,0,3,0-1 Miles,Pacific,46,1
24322,Married,Female,60000,4,Bachelors,Skilled Manual,1,2,0-1 Miles,North America,42,0
24324,Single,Female,60000,4,Bachelors,Skilled Manual,1,2,2-5 Miles,North America,41,1
24357,Married,Male,60000,3,Bachelors,Professional,1,1,2-5 Miles,North America,48,1
24369,Married,Male,80000,5,Graduate Degree,Management,0,2,0-1 Miles,Pacific,39,0
24381,Single,Male,70000,0,Bachelors,Professional,1,1,5-10 Miles,Pacific,41,1
24397,Single,Male,120000,2,Bachelors,Management,0,4,1-2 Miles,North America,40,0
24398,Married,Male,130000,1,Graduate Degree,Management,1,4,0-1 Miles,North America,41,0
24416,Married,Male,90000,4,High School,Professional,1,2,1-2 Miles,North America,45,0
24433,Married,Male,70000,3,High School,Professional,0,1,1-2 Miles,North America,52,1
24466,Married,Female,60000,1,Partial College,Skilled Manual,1,1,5-10 Miles,Pacific,46,1
24485,Single,Male,40000,2,Bachelors,Management,0,1,5-10 Miles,Pacific,52,1
24496,Single,Female,40000,0,High School,Skilled Manual,0,2,0-1 Miles,North America,28,1
24514,Married,Male,40000,0,Partial College,Skilled Manual,1,1,5-10 Miles,North America,30,0
24584,Single,Male,60000,0,Bachelors,Professional,0,3,2-5 Miles,Pacific,31,0
24611,Married,Male,90000,0,Bachelors,Professional,0,4,10+ Miles,Pacific,35,1
24637,Married,Male,40000,4,High School,Professional,1,2,10+ Miles,North America,64,0
24643,Single,Female,60000,4,Bachelors,Management,1,2,10+ Miles,North America,63,0
24725,Married,Female,40000,3,Partial College,Clerical,1,0,1-2 Miles,North America,31,0
24745,Single,Female,30000,2,High School,Skilled Manual,0,2,0-1 Miles,North America,49,0
24801,Single,Male,60000,1,Graduate Degree,Professional,1,0,2-5 Miles,North America,35,1
24842,Single,Female,90000,3,High School,Professional,0,1,2-5 Miles,Europe,51,0
24857,Married,Female,130000,3,High School,Professional,1,4,0-1 Miles,Europe,52,0
24871,Single,Female,90000,4,High School,Management,0,3,5-10 Miles,Europe,56,0
24898,Single,Female,80000,0,Bachelors,Professional,1,3,10+ Miles,Pacific,32,0
24901,Single,Male,110000,0,Partial College,Management,0,3,10+ Miles,Pacific,32,1
24941,Married,Male,60000,3,Bachelors,Management,1,2,10+ Miles,North America,66,0
24955,Single,Male,30000,5,Partial High School,Skilled Manual,1,3,10+ Miles,North America,60,1
24958,Single,Female,40000,5,High School,Professional,0,3,2-5 Miles,North America,60,1
24979,Married,Female,60000,2,Partial College,Professional,1,2,2-5 Miles,North America,57,1
24981,Married,Male,60000,2,Partial College,Professional,1,2,10+ Miles,North America,56,0
25026,Married,Male,20000,2,Partial High School,Clerical,1,3,5-10 Miles,Pacific,54,0
25058,Married,Male,100000,1,Bachelors,Management,1,3,2-5 Miles,Pacific,47,0
25065,Married,Male,70000,2,Partial High School,Skilled Manual,1,2,5-10 Miles,North America,48,0
25074,Married,Female,70000,4,Bachelors,Professional,1,2,2-5 Miles,North America,42,1
25184,Single,Male,110000,1,Partial College,Professional,1,4,5-10 Miles,North America,45,1
25241,Married,Male,90000,2,Bachelors,Professional,1,1,5-10 Miles,Pacific,47,0
25261,Married,Male,40000,0,High School,Skilled Manual,1,2,5-10 Miles,North America,27,0
25293,Married,Male,80000,4,Bachelors,Management,1,0,1-2 Miles,North America,42,0
25303,Single,Male,30000,0,High School,Manual,1,1,2-5 Miles,Europe,33,1
25307,Married,Female,40000,1,Bachelors,Skilled Manual,1,1,1-2 Miles,Europe,32,1
25313,Single,Male,10000,0,Partial High School,Manual,0,2,1-2 Miles,Europe,35,0
25323,Married,Male,40000,2,Partial College,Clerical,1,1,1-2 Miles,Europe,35,1
25329,Single,Female,40000,3,Partial College,Clerical,0,2,0-1 Miles,North America,32,0
25343,Single,Female,20000,3,Partial High School,Clerical,1,2,1-2 Miles,North America,50,0
25347,Single,Female,20000,3,Partial High School,Clerical,0,2,0-1 Miles,North America,49,0
25375,Married,Male,50000,1,Graduate Degree,Skilled Manual,1,0,1-2 Miles,North America,34,0
25394,Married,Male,60000,1,Graduate Degree,Professional,1,0,2-5 Miles,North America,34,1
25405,Married,Male,70000,2,Bachelors,Skilled Manual,1,1,2-5 Miles,North America,38,1
25419,Single,Male,50000,2,Bachelors,Skilled Manual,0,1,0-1 Miles,North America,38,1
25458,Married,Male,20000,1,High School,Manual,0,1,1-2 Miles,Europe,40,1
25460,Married,Female,20000,2,High School,Manual,1,0,0-1 Miles,Europe,40,1
25502,Married,Female,40000,1,Bachelors,Skilled Manual,1,0,0-1 Miles,Europe,43,1
25512,Single,Male,20000,0,High School,Manual,0,1,2-5 Miles,Europe,30,0
25529,Single,Male,10000,1,Graduate Degree,Manual,1,0,0-1 Miles,Europe,44,0
25553,Married,Male,30000,1,Bachelors,Clerical,1,0,0-1 Miles,Europe,65,1
25555,Married,Female,10000,0,Partial College,Manual,0,1,0-1 Miles,Pacific,26,1
25559,Single,Male,20000,0,Bachelors,Clerical,1,0,0-1 Miles,Pacific,25,1
25597,Single,Male,30000,0,Bachelors,Clerical,0,0,0-1 Miles,Europe,36,1
25598,Married,Female,40000,0,Graduate Degree,Clerical,1,0,0-1 Miles,Europe,36,1
25605,Single,Female,20000,2,Partial College,Manual,0,1,0-1 Miles,Europe,54,1
25649,Single,Female,30000,3,Partial College,Clerical,1,0,0-1 Miles,Europe,42,1
25651,Married,Male,40000,1,Bachelors,Skilled Manual,0,0,0-1 Miles,Europe,43,1
25665,Single,Female,20000,0,High School,Manual,0,1,1-2 Miles,Europe,28,0
25681,Single,Female,30000,0,Partial College,Clerical,0,1,2-5 Miles,Europe,31,1
25693,Single,Female,30000,5,Graduate Degree,Clerical,1,0,0-1 Miles,Europe,44,1
25752,Single,Female,20000,2,Partial College,Manual,0,1,0-1 Miles,Europe,53,1
25792,Single,Female,110000,3,Bachelors,Management,1,4,10+ Miles,Europe,53,0
25872,Single,Female,70000,2,Bachelors,Management,0,1,2-5 Miles,North America,58,1
25886,Married,Female,60000,2,Partial College,Professional,1,2,2-5 Miles,North America,56,1
25898,Married,Female,70000,2,High School,Professional,1,2,2-5 Miles,North America,53,0
25899,Married,Female,70000,2,High School,Professional,1,2,10+ Miles,North America,53,0
25906,Single,Female,10000,5,High School,Skilled Manual,0,2,1-2 Miles,Pacific,62,0
25908,Married,Female,60000,0,Partial College,Skilled Manual,0,1,1-2 Miles,North America,27,0
25909,Married,Male,60000,0,Partial College,Skilled Manual,1,1,5-10 Miles,North America,27,1
25918,Single,Female,30000,2,Partial College,Clerical,0,2,5-10 Miles,Pacific,60,1
25923,Single,Male,10000,2,Partial High School,Clerical,1,2,5-10 Miles,Pacific,58,0
25940,Single,Male,20000,2,Partial High School,Clerical,1,2,5-10 Miles,Pacific,55,1
25943,Single,Female,70000,0,Partial College,Skilled Manual,0,2,0-1 Miles,North America,27,1
25954,Married,Male,60000,0,Partial College,Skilled Manual,0,2,1-2 Miles,North America,31,0
25970,Single,Female,60000,4,Bachelors,Skilled Manual,0,2,0-1 Miles,North America,41,1
25983,Married,Male,70000,0,Bachelors,Professional,0,1,0-1 Miles,North America,43,0
26012,Married,Male,80000,1,Partial College,Skilled Manual,1,1,2-5 Miles,North America,48,1
26032,Married,Female,70000,5,Bachelors,Professional,1,4,10+ Miles,Pacific,41,0
26065,Single,Female,110000,3,Bachelors,Management,0,4,1-2 Miles,North America,42,0
26139,Single,Male,60000,1,Partial College,Skilled Manual,1,1,5-10 Miles,Pacific,45,0
26150,Single,Female,70000,0,Bachelors,Professional,0,1,0-1 Miles,Pacific,41,1
26154,Married,Male,60000,1,Partial College,Skilled Manual,1,1,5-10 Miles,Pacific,43,1
26167,Single,Female,40000,2,Bachelors,Management,0,1,5-10 Miles,Pacific,53,1
26219,Married,Female,40000,1,Bachelors,Skilled Manual,1,1,1-2 Miles,Europe,33,1
26236,Married,Female,40000,3,Partial College,Clerical,1,1,0-1 Miles,North America,31,0
26238,Single,Female,40000,3,Partial College,Clerical,1,1,1-2 Miles,North America,31,1
26248,Married,Male,20000,3,Partial High School,Clerical,0,2,0-1 Miles,North America,52,0
26270,Single,Female,20000,2,Partial High School,Clerical,1,2,1-2 Miles,North America,49,0
26298,Married,Female,50000,1,Bachelors,Skilled Manual,1,0,2-5 Miles,North America,34,1
26305,Single,Female,60000,2,Bachelors,Skilled Manual,0,0,0-1 Miles,North America,36,1
26341,Married,Female,70000,5,Graduate Degree,Professional,1,2,0-1 Miles,North America,37,0
26354,Single,Male,40000,0,Graduate Degree,Clerical,0,0,0-1 Miles,Europe,38,1
26385,Single,Male,120000,3,High School,Professional,0,4,5-10 Miles,Europe,50,0
26412,Married,Female,80000,5,High School,Management,0,3,5-10 Miles,Europe,56,0
26415,Married,Female,90000,4,Partial High School,Skilled Manual,1,4,10+ Miles,Europe,58,0
26452,Single,Male,50000,3,Graduate Degree,Management,1,2,10+ Miles,North America,69,0
26490,Single,Male,70000,2,Bachelors,Management,0,1,2-5 Miles,North America,59,1
26495,Single,Female,40000,2,High School,Professional,1,2,10+ Miles,North America,57,0
26575,Single,Female,40000,0,High School,Skilled Manual,0,2,1-2 Miles,North America,31,1
26576,Married,Female,60000,0,Partial College,Skilled Manual,1,2,5-10 Miles,North America,31,0
26582,Married,Male,60000,0,Partial College,Skilled Manual,1,2,5-10 Miles,North America,33,1
26597,Single,Female,60000,4,Bachelors,Skilled Manual,0,2,0-1 Miles,North America,42,0
26625,Single,Female,60000,0,Graduate Degree,Professional,1,1,2-5 Miles,North America,38,1
26651,Single,Male,80000,4,Graduate Degree,Management,1,0,0-1 Miles,Pacific,36,1
26654,Married,Female,90000,1,Graduate Degree,Management,1,0,0-1 Miles,Pacific,37,1
26663,Single,Female,60000,2,Bachelors,Professional,0,1,0-1 Miles,Pacific,39,1
26678,Single,Female,80000,2,Partial High School,Skilled Manual,1,2,5-10 Miles,North America,49,0
26693,Married,Male,70000,3,Partial College,Professional,1,1,5-10 Miles,North America,49,0
26728,Single,Male,70000,3,Graduate Degree,Management,0,2,1-2 Miles,North America,53,1
26757,Single,Male,90000,1,Bachelors,Professional,1,1,2-5 Miles,Pacific,47,1
26765,Single,Female,70000,5,Partial College,Skilled Manual,1,2,5-10 Miles,Pacific,45,0
26778,Single,Female,40000,0,High School,Skilled Manual,1,2,5-10 Miles,North America,31,0
26796,Single,Male,40000,2,Bachelors,Management,1,2,5-10 Miles,Pacific,65,1
26818,Single,Male,10000,3,High School,Manual,1,1,0-1 Miles,Europe,39,1
26849,Married,Male,10000,3,Partial High School,Manual,1,2,0-1 Miles,Europe,43,0
26852,Married,Female,20000,3,High School,Manual,1,2,0-1 Miles,Europe,43,0
26863,Single,Male,20000,0,High School,Manual,0,1,2-5 Miles,Europe,28,0
26879,Single,Female,20000,0,High School,Manual,0,1,2-5 Miles,Europe,30,0
26928,Single,Male,30000,1,Bachelors,Clerical,1,0,0-1 Miles,Europe,62,1
26941,Married,Male,30000,0,Bachelors,Clerical,1,0,0-1 Miles,Europe,47,1
26944,Single,Male,60000,2,High School,Manual,1,0,0-1 Miles,Europe,36,1
26956,Single,Female,20000,0,Partial College,Manual,0,1,2-5 Miles,Europe,36,1
26984,Married,Male,40000,1,Bachelors,Skilled Manual,1,1,0-1 Miles,Europe,32,1
27040,Married,Male,20000,2,Partial High School,Clerical,1,2,1-2 Miles,North America,49,0
27074,Married,Female,70000,1,Graduate Degree,Skilled Manual,1,0,0-1 Miles,North America,35,1
27090,Married,Female,60000,1,Graduate Degree,Professional,1,0,2-5 Miles,North America,37,1
27165,Single,Male,20000,0,Partial High School,Manual,0,2,0-1 Miles,Europe,34,0
27169,Single,Male,30000,0,High School,Manual,1,1,2-5 Miles,Europe,34,1
27183,Single,Male,40000,2,Partial College,Clerical,1,1,1-2 Miles,Europe,35,1
27184,Single,Male,40000,2,Partial College,Clerical,0,1,0-1 Miles,Europe,34,0
27190,Married,Female,40000,3,Partial College,Clerical,1,1,1-2 Miles,North America,32,0
27198,Single,Female,80000,0,Graduate Degree,Skilled Manual,0,0,0-1 Miles,North America,40,0
27218,Married,Female,20000,2,Partial High School,Clerical,0,2,0-1 Miles,North America,48,0
27261,Married,Male,40000,1,Bachelors,Skilled Manual,0,1,0-1 Miles,North America,36,1
27273,Single,Male,70000,3,Graduate Degree,Professional,0,0,0-1 Miles,North America,35,1
27279,Single,Female,70000,2,Bachelors,Skilled Manual,1,0,2-5 Miles,North America,38,1
27304,Single,Female,110000,2,Partial College,Professional,0,3,5-10 Miles,Europe,48,0
27388,Married,Male,60000,3,Bachelors,Management,0,2,1-2 Miles,North America,66,0
27393,Married,Female,50000,4,Bachelors,Management,1,2,10+ Miles,North America,63,0
27434,Single,Male,70000,4,Partial College,Professional,1,1,10+ Miles,North America,56,0
27441,Married,Male,60000,3,High School,Professional,0,2,2-5 Miles,North America,53,0
27494,Single,Female,40000,2,Partial College,Skilled Manual,0,2,1-2 Miles,Pacific,53,1
27540,Single,Female,70000,0,Bachelors,Professional,0,1,0-1 Miles,North America,37,1
27582,Single,Female,90000,2,Bachelors,Professional,0,0,0-1 Miles,Pacific,36,1
27585,Married,Female,90000,2,Bachelors,Professional,0,0,0-1 Miles,Pacific,36,1
27637,Single,Female,100000,1,Partial College,Professional,0,3,1-2 Miles,North America,44,0
27638,Single,Male,100000,1,Partial College,Professional,0,3,1-2 Miles,North America,44,0
27643,Single,Male,70000,5,Partial College,Professional,1,3,2-5 Miles,North America,44,0
27650,Married,Male,70000,4,High School,Professional,1,0,5-10 Miles,North America,51,0
27660,Married,Male,80000,4,Graduate Degree,Management,1,2,5-10 Miles,North America,70,0
27673,Single,Female,60000,3,Graduate Degree,Management,1,2,5-10 Miles,North America,53,1
27696,Married,Male,60000,1,Bachelors,Professional,1,1,5-10 Miles,Pacific,43,1
27740,Married,Female,40000,0,High School,Skilled Manual,1,2,5-10 Miles,North America,27,0
27745,Single,Male,40000,2,Bachelors,Management,1,2,5-10 Miles,Pacific,63,1
27753,Married,Male,40000,0,High School,Skilled Manual,0,2,1-2 Miles,North America,30,0
27756,Single,Female,50000,3,Bachelors,Skilled Manual,0,1,0-1 Miles,North America,40,0
27760,Single,Female,40000,0,Graduate Degree,Clerical,0,0,0-1 Miles,Europe,37,1
27771,Single,Male,30000,1,Bachelors,Clerical,1,1,1-2 Miles,Europe,39,1
27775,Single,Female,40000,0,Bachelors,Clerical,0,0,0-1 Miles,Europe,38,1
27803,Single,Female,30000,2,Partial College,Clerical,0,0,0-1 Miles,Europe,43,0
27814,Single,Female,30000,3,Partial College,Clerical,0,1,0-1 Miles,Europe,26,0
27824,Single,Female,30000,3,Partial College,Clerical,1,2,0-1 Miles,Europe,28,1
27835,Married,Male,20000,0,Partial High School,Manual,1,2,0-1 Miles,Europe,32,0
27878,Single,Male,20000,0,Partial College,Manual,0,0,0-1 Miles,Pacific,28,1
27941,Married,Female,80000,4,Partial College,Professional,1,2,2-5 Miles,Europe,53,0
27951,Single,Male,80000,4,Partial College,Professional,0,2,2-5 Miles,Europe,54,1
27969,Married,Male,80000,0,Bachelors,Professional,1,2,10+ Miles,Pacific,29,1
27974,Single,Male,160000,2,High School,Management,1,4,0-1 Miles,Pacific,33,1
27994,Married,Female,40000,4,High School,Professional,1,2,5-10 Miles,North America,69,0
28004,Married,Female,60000,3,Bachelors,Management,1,2,10+ Miles,North America,66,0
28026,Married,Female,40000,2,High School,Professional,0,2,2-5 Miles,North America,59,0
28031,Single,Female,70000,2,Bachelors,Management,0,1,2-5 Miles,North America,59,1
28043,Married,Female,60000,2,Bachelors,Management,1,0,10+ Miles,North America,56,0
28056,Married,Male,70000,2,Partial High School,Skilled Manual,1,2,10+ Miles,North America,53,0
28066,Married,Male,80000,2,Graduate Degree,Professional,1,0,0-1 Miles,North America,37,1
28068,Single,Female,80000,3,Graduate Degree,Professional,0,0,0-1 Miles,North America,36,1
28087,Single,Female,40000,0,Partial College,Skilled Manual,0,1,1-2 Miles,North America,27,0
28090,Married,Male,40000,0,Partial College,Skilled Manual,1,1,5-10 Miles,North America,27,0
28102,Married,Male,20000,4,High School,Skilled Manual,1,2,5-10 Miles,Pacific,58,1
28192,Married,Female,70000,5,Graduate Degree,Professional,1,3,10+ Miles,North America,46,0
28207,Married,Male,80000,4,Graduate Degree,Management,1,1,0-1 Miles,Pacific,36,1
28228,Single,Female,80000,2,Partial High School,Skilled Manual,0,2,1-2 Miles,North America,50,0
28269,Single,Female,130000,1,Bachelors,Management,0,1,2-5 Miles,North America,45,0
28278,Married,Male,50000,2,Graduate Degree,Management,1,2,5-10 Miles,North America,71,0
28319,Single,Female,60000,1,Partial College,Skilled Manual,0,1,0-1 Miles,Pacific,46,1
28323,Single,Male,70000,0,Bachelors,Professional,0,2,5-10 Miles,Pacific,43,1
28379,Married,Male,30000,1,Bachelors,Skilled Manual,1,2,0-1 Miles,Europe,40,0
28380,Single,Female,10000,5,Partial High School,Manual,0,2,0-1 Miles,Europe,41,0
28395,Single,Male,40000,0,Bachelors,Professional,0,0,0-1 Miles,Europe,39,1
28412,Single,Male,20000,0,High School,Manual,0,1,2-5 Miles,Europe,29,0
28436,Single,Male,30000,0,Partial College,Clerical,0,1,0-1 Miles,Europe,30,1
28468,Married,Female,10000,2,Partial College,Manual,1,0,1-2 Miles,Europe,51,0
28488,Single,Male,20000,0,Partial College,Manual,1,0,0-1 Miles,Pacific,28,1
28521,Single,Male,40000,0,Graduate Degree,Clerical,0,0,0-1 Miles,Europe,36,1
28564,Single,Female,40000,2,Partial College,Clerical,1,0,1-2 Miles,Europe,33,1
28580,Married,Female,80000,0,Graduate Degree,Skilled Manual,1,0,1-2 Miles,North America,40,1
28609,Married,Male,30000,2,High School,Skilled Manual,0,2,0-1 Miles,North America,49,0
28625,Single,Male,40000,2,Partial College,Clerical,0,1,1-2 Miles,North America,47,1
28657,Single,Male,60000,2,Bachelors,Skilled Manual,1,0,2-5 Miles,North America,36,1
28667,Single,Male,70000,2,Bachelors,Skilled Manual,0,1,0-1 Miles,North America,37,1
28672,Single,Male,70000,4,Graduate Degree,Professional,1,0,2-5 Miles,North America,35,1
28683,Single,Female,10000,1,High School,Manual,0,1,5-10 Miles,Europe,35,1
28729,Single,Female,20000,0,Partial High School,Manual,1,2,1-2 Miles,Europe,26,1
28799,Single,Female,40000,2,Partial College,Clerical,0,1,1-2 Miles,North America,47,1
28815,Married,Female,50000,1,Graduate Degree,Skilled Manual,1,0,0-1 Miles,North America,35,0
28858,Single,Male,80000,3,Bachelors,Skilled Manual,1,0,2-5 Miles,North America,40,0
28906,Married,Male,80000,4,High School,Professional,1,2,10+ Miles,Europe,54,0
28915,Single,Male,80000,5,High School,Management,1,3,10+ Miles,Europe,57,0
28918,Married,Female,130000,4,High School,Management,0,4,10+ Miles,Europe,58,0
28957,Single,Female,120000,0,Partial High School,Professional,1,4,10+ Miles,Pacific,34,1
28972,Single,Female,60000,3,Graduate Degree,Management,1,2,10+ Miles,North America,66,0
28997,Single,Male,40000,2,High School,Professional,0,1,2-5 Miles,North America,58,1
29030,Married,Male,70000,2,Partial High School,Skilled Manual,1,2,10+ Miles,North America,54,0
29037,Married,Male,60000,0,Graduate Degree,Professional,0,0,0-1 Miles,North America,39,0
29048,Single,Male,110000,2,Bachelors,Management,0,3,0-1 Miles,North America,37,1
29052,Single,Male,40000,0,Partial College,Skilled Manual,1,1,5-10 Miles,North America,27,0
29097,Single,Female,40000,2,Partial College,Skilled Manual,1,2,5-10 Miles,Pacific,52,1
29106,Single,Male,40000,0,High School,Skilled Manual,0,2,1-2 Miles,North America,31,1
29112,Single,Male,60000,0,Partial College,Professional,0,2,1-2 Miles,North America,30,0
29117,Single,Male,100000,1,Bachelors,Management,0,3,0-1 Miles,Pacific,48,0
29120,Single,Female,100000,1,Bachelors,Management,1,4,2-5 Miles,Pacific,48,0
29132,Single,Female,40000,0,Bachelors,Professional,1,1,2-5 Miles,North America,42,1
29134,Married,Male,60000,4,Bachelors,Skilled Manual,0,3,10+ Miles,North America,42,0
29143,Single,Female,60000,1,Bachelors,Professional,0,1,0-1 Miles,North America,44,1
29181,Single,Female,60000,2,Bachelors,Professional,0,1,0-1 Miles,Pacific,38,1
29191,Single,Female,130000,1,Graduate Degree,Management,0,1,0-1 Miles,Pacific,36,1
29231,Single,Male,80000,4,Partial College,Professional,0,2,0-1 Miles,North America,43,0
29237,Single,Female,120000,4,Partial College,Professional,1,3,5-10 Miles,North America,43,1
29243,Single,Male,110000,1,Bachelors,Management,1,1,5-10 Miles,North America,43,0
29255,Single,Male,80000,3,Partial College,Professional,0,1,1-2 Miles,North America,51,1
29298,Single,Female,60000,1,Partial College,Skilled Manual,1,1,5-10 Miles,Pacific,46,1
29337,Single,Male,30000,2,Partial College,Clerical,1,2,5-10 Miles,Pacific,68,0
29355,Married,Female,40000,0,Graduate Degree,Clerical,1,0,0-1 Miles,Europe,37,1
29380,Married,Female,20000,3,High School,Manual,1,0,0-1 Miles,Europe,41,1
29424,Married,Male,10000,0,Partial High School,Manual,1,2,0-1 Miles,Europe,32,0
29447,Single,Female,10000,2,Bachelors,Clerical,0,1,2-5 Miles,Europe,68,0
